Flight No.,Launch site,Payload,Payload mass,Orbit,Customer,Launch outcome,Version Booster,Booster landing,Date,Time
1,,Transporter-1,0,LEO,SpaceX,"Success
",F9 v1.07B0003.18,Failure,4 June 2010,18:45
2,,Dragon Spacecraft Qualification Unit,0,LEO,NASA,Success,F9 v1.07B0004.18,Failure,8 December 2010,15:43
3,,Dragon Spacecraft Qualification Unit,525 kg,LEO,NASA,Success,F9 v1.07B0005.18,"No attempt
",22 May 2012,07:44
4,,Dragon,"4,700 kg",LEO,NASA,"Success
",F9 v1.07B0006.18,No attempt,8 October 2012,00:35
5,,Dragon,"4,877 kg",LEO,NASA,"Success
",F9 v1.07B0007.18,"No attempt
",1 March 2013,15:10
6,,Dragon,500 kg,Polar orbit,MDA,Success,F9 v1.17B10038,Uncontrolled,29 September 2013,16:00
7,,Dragon,"3,170 kg",GTO,SES,Success,F9 v1.1,No attempt,3 December 2013,22:41
8,,SpaceX CRS-1,"3,325 kg",GTO,Thaicom,Success,F9 v1.1,No attempt,6 January 2014,22:06
9,,SpaceX CRS-1,"2,296 kg",LEO,NASA,"Success
",F9 v1.1,Controlled,18 April 2014,19:25
10,,SpaceX CRS-2,"1,316 kg",LEO,Orbcomm,Success,F9 v1.1,Controlled,14 July 2014,15:15
11,,SpaceX CRS-2,"4,535 kg",GTO,AsiaSat,Success,F9 v1.1,No attempt,5 August 2014,08:00
12,,CASSIOPE,"4,428 kg",GTO,AsiaSat,Success,F9 v1.1[,"No attempt
",7 September 2014,05:00
13,,CASSIOPE,"2,216 kg",LEO,NASA,Success,F9 v1.1[,Uncontrolled,21 September 2014,05:52
14,,SES-8,"2,395 kg",LEO,NASA,Success,F9 v1.1[,Failure ,10 January 2015,09:47
15,,SES-8,570 kg,HEO,USAF,"Success
",F9 v1.1[,Controlled,11 February 2015,23:03
16,,Thaicom 6,"4,159 kg",GTO,ABS,"Success
",F9 v1.1[,No attempt,2 March 2015,03:50
17,,Thaicom 6,"1,898 kg",LEO,NASA,"Success
",F9 v1.1[,Failure,14 April 2015,20:10
18,,SpaceX CRS-3,"4,707 kg",GTO,,"Success
",F9 v1.1[,No attempt,27 April 2015,23:03
19,,SpaceX CRS-3,"1,952 kg",LEO,NASA,Failure,F9 v1.1[,Precluded,28 June 2015,14:21
20,,Orbcomm-OG2,"2,034 kg",LEO,Orbcomm,"Success
",F9 FT[,Success,22 December 2015,01:29
21,,Orbcomm-OG2,553 kg,LEO,NASA,"Success
",F9 v1.1[,Failure,17 January 2016,18:42
22,,AsiaSat 8,"5,271 kg",GTO,SES,"Success
",F9 FT[,Failure,4 March 2016,23:35
23,,AsiaSat 8,"3,136 kg",LEO,NASA,Success,F9 FT[,Success,8 April 2016,20:43
24,,AsiaSat 6,"4,696 kg",GTO,SKY Perfect JSAT Group,"Success
",F9 FT[,Success,6 May 2016,05:21
25,,AsiaSat 6,"3,100 kg",GTO,Thaicom,"Success
",F9 FT[,Success,27 May 2016,21:39
26,,SpaceX CRS-4,"3,600 kg",GTO,ABS,"Success
",F9 FT[,Failure,15 June 2016,14:29
27,,SpaceX CRS-4,"2,257 kg",LEO,NASA,"Success
",F9 FT[,Success,18 July 2016,04:45
28,,SpaceX CRS-5,"4,600 kg",GTO,SKY Perfect JSAT Group,"Success
",F9 FT[,Success,14 August 2016,05:26
29,,SpaceX CRS-5,"9,600 kg",Polar,Iridium Communications,"Success
",F9 FT[,Success,14 January 2017,17:54
30,,DSCOVR,"2,490 kg",LEO,NASA,"Success
",F9 FT[,Success,19 February 2017,14:39
31,,DSCOVR,"5,600 kg",GTO,EchoStar,"Success
",F9 FT[,No attempt,16 March 2017,06:00
32,,ABS-3A,"5,300 kg",GTO,SES,Success,F9 FT♺[,Success,30 March 2017,22:27
33,,ABS-3A,C,LEO,NRO,"Success
",F9 FT[,Success,1 May 2017,11:15
34,,SpaceX CRS-6,"6,070 kg",GTO,Inmarsat,"Success
",F9 FT[,No attempt,15 May 2017,23:21
35,,SpaceX CRS-6,"2,708 kg",LEO,NASA,"Success
",F9 FT[,Success,3 June 2017,21:07
36,,TürkmenÄlem 52°E / MonacoSAT,"3,669 kg",GTO,Bulsatcom,"Success
",F9 FTB1029.2195,Success,23 June 2017,19:10
37,,TürkmenÄlem 52°E / MonacoSAT,"9,600 kg",LEO,Iridium Communications,"Success
",F9 FT[,Success,25 June 2017,20:25
38,,SpaceX CRS-7,"6,761 kg",GTO,Intelsat,"Success
",F9 FT[,No attempt,5 July 2017,23:38
39,,SpaceX CRS-7,"3,310 kg",LEO,NASA,"Success
",F9 B4[,Success,14 August 2017,16:31
40,,Orbcomm-OG2,475 kg,SSO,NSPO,"Success
",F9 FT[,Success,24 August 2017,18:51
41,,Orbcomm-OG2,"4,990 kg",LEO,USAF,"Success
",F9 B4[,Success,7 September 2017,14:00
42,,Jason-3,"9,600 kg",Polar,Iridium Communications,"Success
",F9 B4[,Success,9 October 2017,12:37
43,,Jason-3,"5,200 kg",GTO,SES S.A.,"Success
",F9 FTB1031.2220,Success,11 October 2017,22:53:00
44,,SES-9,"3,500 kg",GTO,KT Corporation,"Success
",F9 B4[,Success,30 October 2017,19:34
45,,SES-9,"2,205 kg",LEO,NASA,"Success
",F9 FTB1035.2227,Success,15 December 2017,15:36
46,,SpaceX CRS-8,"9,600 kg",Polar,Iridium Communications,Success,F9 FTB1036.2227,Controlled,23 December 2017,01:27
47,,SpaceX CRS-8,C,LEO,Northrop Grumman,Success,F9 B4[,Success,8 January 2018,01:00
48,,JCSAT-14,"4,230 kg",GTO,SES,Success,F9 FTB1032.2245,Controlled,31 January 2018,21:25
49,,JCSAT-14,"2,150 kg",SSO,Hisdesat,Success,F9 FTB1038.2268,No attempt,22 February 2018,14:17
50,,Thaicom 8,"6,092 kg",GTO,Hispasat,Success,F9 B4[,No attempt,6 March 2018,05:33
51,,Thaicom 8,"9,600 kg",Polar,Iridium Communications,Success,F9 B4B1041.2268,No attempt,30 March 2018,14:14
52,,ABS-2A,"2,647 kg",LEO,NASA,Success,F9 B4B1039.2292,No attempt,2 April 2018,20:30
53,,ABS-2A,362 kg,HEO,NASA,Success,F9 B4[,Success,18 April 2018,22:51
54,,SpaceX CRS-9,"3,600 kg",GTO,Thales-Alenia,Success,F9 B5311B1046.1268,Success,11 May 2018,20:14
55,,SpaceX CRS-9,"6,460 kg",Polar,Iridium Communications,Success,F9 B4B1043.2322,No attempt,22 May 2018,19:47
56,,JCSAT-16,"5,384 kg",GTO,SES,Success,F9 B4B1040.2268,No attempt,4 June 2018,04:45
57,,JCSAT-16,"2,697 kg",LEO,NASA,Success,F9 B4B1045.2336,No attempt,29 June 2018,09:42
58,,Iridium NEXT,"7,075 kg",GTO,Telesat,Success,F9 B5,Success,22 July 2018,05:50
59,,Iridium NEXT,"9,600 kg",Polar,Iridium Communications,Success,F9 B5349B1048[,Success,25 July 2018,11:39
60,,SpaceX CRS-10,"5,800 kg",GTO,Telkom Indonesia,Success,F9 B5B1046.2354,Success,7 August 2018,05:18
61,,SpaceX CRS-10,"7,060 kg",GTO,Telesat,Success,F9 B5[,Success,10 September 2018,04:45
62,,EchoStar 23,"3,000 kg",SSO,CONAE,Success,F9 B5B1048.2364,Success,8 October 2018,02:22
63,,EchoStar 23,"5,300 kg",GTO,Es'hailSat,Success,F9 B5B1047.2268,Success,15 November 2018,20:46
64,,SES-10,"~4,000 kg",SSO,Spaceflight Industries,Success,F9 B5B1046.3268,Success,3 December 2018,18:34:05
65,,SES-10,"2,500 kg",LEO,NASA,"Success
",F9 B5[,Failure,5 December 2018,18:16
66,,NROL-76,"4,400 kg",MEO,USAF,Success,F9 B5[,No attempt,23 December 2018,13:51
67,,NROL-76,"9,600 kg",Polar,Iridium Communications,"Success
",F9 B5B1049.2397,Success,11 January 2019,15:31
68,,Inmarsat-5 F4,"4,850 kg",GTO,PSN,"Success
",F9 B5B1048.3399,Success,22 February 2019,01:45
69,,Inmarsat-5 F4,"12,055 kg",LEO,NASA,"Success
",F9 B5[]413,Success,2 March 2019,07:49
70,,SpaceX CRS-11,"2,495 kg",LEO,NASA,"Success
",F9 B5[,Success,4 May 2019,06:48
71,,SpaceX CRS-11,"13,620 kg",LEO,SpaceX,"Success
",F9 B5B1049.3434,Success,24 May 2019,02:30
72,,BulgariaSat-1,"4,200 kg",SSO,Canadian Space Agency,"Success
",F9 B5B1051.2420,Success,12 June 2019,14:17
73,,BulgariaSat-1,"2,268 kg",LEO,NASA,"Success
",F9 B5B1056.2465,Success,25 July 2019,22:01
74,,Iridium NEXT,"6,500 kg",GTO,Spacecom,"Success
",F9 B5B1047.3472,No attempt,6 August 2019,23:23
75,,Iridium NEXT,"15,600 kg",LEO,SpaceX,"Success
",F9 B5,Success,11 November 2019,14:56
76,,Intelsat 35e,"2,617 kg",LEO,NASA,"Success
",F9 B5[,Success,5 December 2019,17:29
77,,Intelsat 35e,"6,956 kg",GTO,Sky Perfect JSAT,"Success
",F9 B5B1056.3482,Success,17 December 2019,00:10
78,,SpaceX CRS-12,"15,600 kg",LEO,SpaceX,"Success
",F9 B5,Success,7 January 2020,02:19:21
79,,SpaceX CRS-12,"12,050 kg",Sub-orbital,NASA,"Success
",F9 B5,"No attempt
",19 January 2020,15:30
80,,Formosat-5,"15,600 kg",LEO,SpaceX,"Success
",F9 B5,Success,29 January 2020,14:07
81,,Formosat-5,"15,600 kg",LEO,SpaceX,"Success
",F9 B5,Failure,17 February 2020,15:05
82,,Boeing X-37B,"1,977 kg",LEO,NASA,"Success
",F9 B5,Success,7 March 2020,04:50
83,,Boeing X-37B,"15,600 kg",LEO,SpaceX,"Success
",F9 B5,Failure,18 March 2020,12:16
84,,Iridium NEXT,"15,600 kg",LEO,SpaceX,"Success
",F9 B5,Success,22 April 2020,19:30
85,,Iridium NEXT,"12,530 kg",LEO,NASA,"Success
",F9 B5[,Success,30 May 2020,19:22
86,,SES-11,"15,600 kg",LEO,SpaceX,"Success
",F9 B5,Success,4 June 2020,01:25
87,,SES-11,"15,410 kg",LEO,SpaceX,"Success
",F9 B5,Success,13 June 2020,09:21
88,,Koreasat 5A,"4,311 kg",MEO,U.S. Space Force,"Success
",F9 B5,Success,30 June 2020,20:10:46
89,,Koreasat 5A,"5,000–6,000 kg",GTO,Republic of Korea Army,"Success
",F9 B5B1058.2544,Success,20 July 2020,21:30
90,,SpaceX CRS-13,"14,932 kg",LEO,SpaceX,"Success
",F9 B5,Success,7 August 2020,05:12
91,,SpaceX CRS-13,"~15,440 kg",LEO,SpaceX,"Success
",F9 B5B1049.6544,Success,18 August 2020,14:31
92,,Iridium NEXT,"3,130 kg",SSO,CONAE,"Success
",F9 B5,Success,30 August 2020,23:18
93,,Iridium NEXT,"15,600 kg",LEO,SpaceX,"Success
",F9 B5B1060.2563,Success,3 September 2020,12:46:14
94,,Zuma,"15,600 kg",LEO,SpaceX,"Success
",F9 B5B1058.3565,Success,6 October 2020,11:29:34
95,,Zuma,"15,600 kg",LEO,SpaceX,"Success
",F9 B5B1051.6568,Success,18 October 2020,12:25:57
96,,GovSat-1,"15,600 kg",LEO,SpaceX,"Success
",F9 B5,Success,24 October 2020,15:31:34
97,,GovSat-1,"4,311 kg",MEO,USSF,"Success
",F9 B5,Success,5 November 2020,23:24:23
98,,Paz,"~12,500 kg",LEO,NASA,"Success
",F9 B5[,Success,16 November 2020,00:27
99,,Paz,"1,192 kg",LEO,NASA,"Success
",F9 B5,Success,21 November 2020,17:17:08
100,,Hispasat 30W-6,"15,600 kg",LEO,SpaceX,"Success
",F9 B5 ♺[,Success,25 November 2020,02:13
101,,Hispasat 30W-6,"2,972 kg",LEO,NASA,"Success
",F9 B5 ♺[,Success,6 December 2020,16:17:08
102,,Iridium NEXT,"7,000 kg",GTO,Sirius XM,"Success
",F9 B5 ♺,Success,13 December 2020,17:30:00
103,,Iridium NEXT,C,LEO,NRO,"Success
",F9 B5 ♺,Success,19 December 2020,14:00:00
104,,SpaceX CRS-14,"3,500 kg",GTO,Türksat,"Success
",F9 B5,Success,8 January 2021,02:15
105,,SpaceX CRS-14,"15,600 kg",LEO,SpaceX,"Success
",F9 B5B1051.8609,Success,20 January 2021,13:02
106,,Transiting Exoplanet Survey Satellite,"~5,000 kg",SSO,SpaceX,"Success
",F9 B5B1058.5613,Failure,24 January 2021,15:00
1,,Transiting Exoplanet Survey Satellite,0,LEO,NASA,Success,F9 v1.07B0003.18,Failure,4 June 2010,18:45
2,,Bangabandhu-1,0,LEO,NASA,Success,F9 v1.07B0004.18,"No attempt
",8 December 2010,15:43
3,,Bangabandhu-1,525 kg,LEO,NASA,"Success
",F9 v1.07B0005.18,No attempt,22 May 2012,07:44
4,,Iridium NEXT,"4,700 kg",LEO,NASA,"Success
",F9 v1.07B0006.18,"No attempt
",8 October 2012,00:35
5,,Iridium NEXT,"4,877 kg",LEO,MDA,Success,F9 v1.07B0007.18,Uncontrolled,1 March 2013,15:10
6,,SES-12,500 kg,Polar orbit,SES,Success,F9 v1.17B10038,No attempt,29 September 2013,16:00
7,,SES-12,"3,170 kg",GTO,Thaicom,Success,F9 v1.1,No attempt,3 December 2013,22:41
8,,SpaceX CRS-15,"3,325 kg",GTO,NASA,"Success
",F9 v1.1,Controlled,6 January 2014,22:06
9,,SpaceX CRS-15,"2,296 kg",LEO,Orbcomm,Success,F9 v1.1,Controlled,18 April 2014,19:25
10,,Telstar 19V,"1,316 kg",LEO,AsiaSat,Success,F9 v1.1,No attempt,14 July 2014,15:15
11,,Telstar 19V,"4,535 kg",GTO,AsiaSat,Success,F9 v1.1,"No attempt
",5 August 2014,08:00
12,,Iridium NEXT,"4,428 kg",GTO,NASA,Success,F9 v1.1[,Uncontrolled,7 September 2014,05:00
13,,Iridium NEXT,"2,216 kg",LEO,NASA,Success,F9 v1.1[,Failure ,21 September 2014,05:52
14,,Merah Putih,"2,395 kg",LEO,USAF,"Success
",F9 v1.1[,Controlled,10 January 2015,09:47
15,,Merah Putih,570 kg,HEO,ABS,"Success
",F9 v1.1[,No attempt,11 February 2015,23:03
16,,Telstar 18V,"4,159 kg",GTO,NASA,"Success
",F9 v1.1[,Failure,2 March 2015,03:50
17,,Telstar 18V,"1,898 kg",LEO,,"Success
",F9 v1.1[,No attempt,14 April 2015,20:10
18,,SAOCOM 1A,"4,707 kg",GTO,NASA,Failure,F9 v1.1[,Precluded,27 April 2015,23:03
19,,SAOCOM 1A,"1,952 kg",LEO,Orbcomm,"Success
",F9 v1.1[,Success,28 June 2015,14:21
20,,Es'hail 2,"2,034 kg",LEO,NASA,"Success
",F9 FT[,Failure,22 December 2015,01:29
21,,Es'hail 2,553 kg,LEO,SES,"Success
",F9 v1.1[,Failure,17 January 2016,18:42
22,,SSO-A,"5,271 kg",GTO,NASA,Success,F9 FT[,Success,4 March 2016,23:35
23,,SSO-A,"3,136 kg",LEO,SKY Perfect JSAT Group,"Success
",F9 FT[,Success,8 April 2016,20:43
24,,SpaceX CRS-16,"4,696 kg",GTO,Thaicom,"Success
",F9 FT[,Success,6 May 2016,05:21
25,,SpaceX CRS-16,"3,100 kg",GTO,ABS,"Success
",F9 FT[,Failure,27 May 2016,21:39
26,,GPS III,"3,600 kg",GTO,NASA,"Success
",F9 FT[,Success,15 June 2016,14:29
27,,GPS III,"2,257 kg",LEO,SKY Perfect JSAT Group,"Success
",F9 FT[,Success,18 July 2016,04:45
28,,Iridium NEXT,"4,600 kg",GTO,Iridium Communications,"Success
",F9 FT[,Success,14 August 2016,05:26
29,,Iridium NEXT,"9,600 kg",Polar,NASA,"Success
",F9 FT[,Success,14 January 2017,17:54
30,,Nusantara Satu,"2,490 kg",LEO,EchoStar,"Success
",F9 FT[,No attempt,19 February 2017,14:39
31,,Nusantara Satu,"5,600 kg",GTO,SES,Success,F9 FT[,Success,16 March 2017,06:00
32,,Crew Dragon Demo-1,"5,300 kg",GTO,NRO,"Success
",F9 FT♺[,Success,30 March 2017,22:27
33,,Crew Dragon Demo-1,C,LEO,Inmarsat,"Success
",F9 FT[,No attempt,1 May 2017,11:15
34,,SpaceX CRS-17,"6,070 kg",GTO,NASA,"Success
",F9 FT[,Success,15 May 2017,23:21
35,,SpaceX CRS-17,"2,708 kg",LEO,Bulsatcom,"Success
",F9 FT[,Success,3 June 2017,21:07
36,,Starlink,"3,669 kg",GTO,Iridium Communications,"Success
",F9 FTB1029.2195,Success,23 June 2017,19:10
37,,Starlink,"9,600 kg",LEO,Intelsat,"Success
",F9 FT[,No attempt,25 June 2017,20:25
38,,RADARSAT Constellation,"6,761 kg",GTO,NASA,"Success
",F9 FT[,Success,5 July 2017,23:38
39,,RADARSAT Constellation,"3,310 kg",LEO,NSPO,"Success
",F9 B4[,Success,14 August 2017,16:31
40,,SpaceX CRS-18,475 kg,SSO,USAF,"Success
",F9 FT[,Success,24 August 2017,18:51
41,,SpaceX CRS-18,"4,990 kg",LEO,Iridium Communications,"Success
",F9 B4[,Success,7 September 2017,14:00
42,,AMOS-17,"9,600 kg",Polar,SES S.A.,"Success
",F9 B4[,Success,9 October 2017,12:37
43,,AMOS-17,"5,200 kg",GTO,KT Corporation,"Success
",F9 FTB1031.2220,Success,11 October 2017,22:53:00
44,,Starlink,"3,500 kg",GTO,NASA,"Success
",F9 B4[,Success,30 October 2017,19:34
45,,Starlink,"2,205 kg",LEO,Iridium Communications,Success,F9 FTB1035.2227,Controlled,15 December 2017,15:36
46,,SpaceX CRS-19,"9,600 kg",Polar,Northrop Grumman,Success,F9 FTB1036.2227,Success,23 December 2017,01:27
47,,SpaceX CRS-19,C,LEO,SES,Success,F9 B4[,Controlled,8 January 2018,01:00
48,,JCSat-18,"4,230 kg",GTO,Hisdesat,Success,F9 FTB1032.2245,No attempt,31 January 2018,21:25
49,,JCSat-18,"2,150 kg",SSO,Hispasat,Success,F9 FTB1038.2268,No attempt,22 February 2018,14:17
50,,Starlink,"6,092 kg",GTO,Iridium Communications,Success,F9 B4[,No attempt,6 March 2018,05:33
51,,Starlink,"9,600 kg",Polar,NASA,Success,F9 B4B1041.2268,No attempt,30 March 2018,14:14
52,,Crew Dragon in-flight abort test,"2,647 kg",LEO,NASA,Success,F9 B4B1039.2292,Success,2 April 2018,20:30
53,,Crew Dragon in-flight abort test,362 kg,HEO,Thales-Alenia,Success,F9 B4[,Success,18 April 2018,22:51
54,,Starlink,"3,600 kg",GTO,Iridium Communications,Success,F9 B5311B1046.1268,No attempt,11 May 2018,20:14
55,,Starlink,"6,460 kg",Polar,SES,Success,F9 B4B1043.2322,No attempt,22 May 2018,19:47
56,,Starlink,"5,384 kg",GTO,NASA,Success,F9 B4B1040.2268,No attempt,4 June 2018,04:45
57,,Starlink,"2,697 kg",LEO,Telesat,Success,F9 B4B1045.2336,Success,29 June 2018,09:42
58,,SpaceX CRS-20,"7,075 kg",GTO,Iridium Communications,Success,F9 B5,Success,22 July 2018,05:50
59,,SpaceX CRS-20,"9,600 kg",Polar,Telkom Indonesia,Success,F9 B5349B1048[,Success,25 July 2018,11:39
60,,Starlink,"5,800 kg",GTO,Telesat,Success,F9 B5B1046.2354,Success,7 August 2018,05:18
61,,Starlink,"7,060 kg",GTO,CONAE,Success,F9 B5[,Success,10 September 2018,04:45
62,,Starlink,"3,000 kg",SSO,Es'hailSat,Success,F9 B5B1048.2364,Success,8 October 2018,02:22
63,,Starlink,"5,300 kg",GTO,Spaceflight Industries,Success,F9 B5B1047.2268,Success,15 November 2018,20:46
64,,Crew Dragon Demo-2,"~4,000 kg",SSO,NASA,"Success
",F9 B5B1046.3268,Failure,3 December 2018,18:34:05
65,,Crew Dragon Demo-2,"2,500 kg",LEO,USAF,Success,F9 B5[,No attempt,5 December 2018,18:16
66,,Starlink,"4,400 kg",MEO,Iridium Communications,"Success
",F9 B5[,Success,23 December 2018,13:51
67,,Starlink,"9,600 kg",Polar,PSN,"Success
",F9 B5B1049.2397,Success,11 January 2019,15:31
68,,Starlink,"4,850 kg",GTO,NASA,"Success
",F9 B5B1048.3399,Success,22 February 2019,01:45
69,,Starlink,"12,055 kg",LEO,NASA,"Success
",F9 B5[]413,Success,2 March 2019,07:49
70,,GPS III,"2,495 kg",LEO,SpaceX,"Success
",F9 B5[,Success,4 May 2019,06:48
71,,GPS III,"13,620 kg",LEO,Canadian Space Agency,"Success
",F9 B5B1049.3434,Success,24 May 2019,02:30
72,,ANASIS-II,"4,200 kg",SSO,NASA,"Success
",F9 B5B1051.2420,Success,12 June 2019,14:17
73,,ANASIS-II,"2,268 kg",LEO,Spacecom,"Success
",F9 B5B1056.2465,No attempt,25 July 2019,22:01
74,,Starlink,"6,500 kg",GTO,SpaceX,"Success
",F9 B5B1047.3472,Success,6 August 2019,23:23
75,,Starlink,"15,600 kg",LEO,NASA,"Success
",F9 B5,Success,11 November 2019,14:56
76,,Starlink,"2,617 kg",LEO,Sky Perfect JSAT,"Success
",F9 B5[,Success,5 December 2019,17:29
77,,Starlink,"6,956 kg",GTO,SpaceX,"Success
",F9 B5B1056.3482,Success,17 December 2019,00:10
78,,SAOCOM 1B,"15,600 kg",LEO,NASA,"Success
",F9 B5,"No attempt
",7 January 2020,02:19:21
79,,SAOCOM 1B,"12,050 kg",Sub-orbital,SpaceX,"Success
",F9 B5,Success,19 January 2020,15:30
80,,Starlink,"15,600 kg",LEO,SpaceX,"Success
",F9 B5,Failure,29 January 2020,14:07
81,,Starlink,"15,600 kg",LEO,NASA,"Success
",F9 B5,Success,17 February 2020,15:05
82,,Starlink,"1,977 kg",LEO,SpaceX,"Success
",F9 B5,Failure,7 March 2020,04:50
83,,Starlink,"15,600 kg",LEO,SpaceX,"Success
",F9 B5,Success,18 March 2020,12:16
84,,Starlink,"15,600 kg",LEO,NASA,"Success
",F9 B5,Success,22 April 2020,19:30
85,,Starlink,"12,530 kg",LEO,SpaceX,"Success
",F9 B5[,Success,30 May 2020,19:22
86,,Starlink,"15,600 kg",LEO,SpaceX,"Success
",F9 B5,Success,4 June 2020,01:25
87,,Starlink,"15,410 kg",LEO,U.S. Space Force,"Success
",F9 B5,Success,13 June 2020,09:21
88,,GPS III,"4,311 kg",MEO,Republic of Korea Army,"Success
",F9 B5,Success,30 June 2020,20:10:46
89,,GPS III,"5,000–6,000 kg",GTO,SpaceX,"Success
",F9 B5B1058.2544,Success,20 July 2020,21:30
90,,Crew-1,"14,932 kg",LEO,SpaceX,"Success
",F9 B5,Success,7 August 2020,05:12
91,,Crew-1,"~15,440 kg",LEO,CONAE,"Success
",F9 B5B1049.6544,Success,18 August 2020,14:31
92,,Sentinel-6 Michael Freilich (Jason-CS A),"3,130 kg",SSO,SpaceX,"Success
",F9 B5,Success,30 August 2020,23:18
93,,Sentinel-6 Michael Freilich (Jason-CS A),"15,600 kg",LEO,SpaceX,"Success
",F9 B5B1060.2563,Success,3 September 2020,12:46:14
94,,Starlink,"15,600 kg",LEO,SpaceX,"Success
",F9 B5B1058.3565,Success,6 October 2020,11:29:34
95,,Starlink,"15,600 kg",LEO,SpaceX,"Success
",F9 B5B1051.6568,Success,18 October 2020,12:25:57
96,,SpaceX CRS-21,"15,600 kg",LEO,USSF,"Success
",F9 B5,Success,24 October 2020,15:31:34
97,,SpaceX CRS-21,"4,311 kg",MEO,NASA,"Success
",F9 B5,Success,5 November 2020,23:24:23
98,,SXM-7,"~12,500 kg",LEO,NASA,"Success
",F9 B5[,Success,16 November 2020,00:27
99,,SXM-7,"1,192 kg",LEO,SpaceX,"Success
",F9 B5,Success,21 November 2020,17:17:08
100,,NROL-108,"15,600 kg",LEO,NASA,"Success
",F9 B5 ♺[,Success,25 November 2020,02:13
101,,NROL-108,"2,972 kg",LEO,Sirius XM,"Success
",F9 B5 ♺[,Success,6 December 2020,16:17:08
102,,Türksat 5A,"7,000 kg",GTO,NRO,"Success
",F9 B5 ♺,Success,13 December 2020,17:30:00
103,,Türksat 5A,C,LEO,Türksat,"Success
",F9 B5 ♺,Success,19 December 2020,14:00:00
104,,Starlink,"3,500 kg",GTO,SpaceX,"Success
",F9 B5,Success,8 January 2021,02:15
105,,Starlink,"15,600 kg",LEO,,"Success
",F9 B5B1051.8609,Success,20 January 2021,13:02
106,,Transporter-1,"~5,000 kg",SSO,SpaceX,"Success
",F9 B5B1058.5613,Success,24 January 2021,15:00
107,,Transporter-1,"15,600 kg",LEO,SpaceX,"Success
",F9 B5 ♺[,Failure,4 February 2021,06:19
108,,Dragon Spacecraft Qualification Unit,"15,600 kg",LEO,SpaceX,"Success
",F9 B5 ♺,Success,16 February 2021,03:59:37
109,,Dragon Spacecraft Qualification Unit,"15,600 kg",LEO,SpaceX,"Success
",F9 B5 ♺[,Success,4 March 2021,08:24
110,,Dragon,"15,600 kg",LEO,SpaceX,"Success
",F9 B5 ♺[,Success,11 March 2021,08:13:29
111,,Dragon,"15,600 kg",LEO,SpaceX,"Success
",F9 B5 ♺,Success,14 March 2021,10:01
112,,Dragon,"15,600 kg",LEO,SpaceX,"Success
",F9 B5B1060.6643,Success,24 March 2021,08:28
113,,Dragon,"15,600 kg",LEO,NASA,"Success
",F9 B5 ♺,Success,7 April 2021,16:34
114,,SpaceX CRS-1,"~13,000 kg",LEO,SpaceX,"Success
",F9 B5B1061.2647,Success,23 April 2021,9:49
115,,SpaceX CRS-1,"15,600 kg",LEO,SpaceX,"Success
",F9 B5B1060.7652,Success,29 April 2021,03:44
116,,SpaceX CRS-2,"15,600 kg",LEO,SpaceX,"Success
",F9 B5B1049.9655,Success,4 May 2021,19:01
117,,SpaceX CRS-2,"15,600 kg",LEO,SpaceX,"Success
",F9 B5B1051.10657,Success,9 May 2021,06:42
118,,CASSIOPE,"~14,000 kg",LEO,SpaceX,"Success
",F9 B5B1058.8660,Success,15 May 2021,22:56
119,,CASSIOPE,"15,600 kg",LEO,NASA,"Success
",F9 B5B1063.2665,Success,26 May 2021,18:59
120,,SES-8,"3,328 kg",LEO,Sirius XM,"Success
",F9 B5B1067.1668,Success,3 June 2021,17:29
121,,SES-8,"7,000 kg",GTO,,,F9 B5,,6 June 2021,04:26
,,Thaicom 6,,,,,,,,
,,Thaicom 6,,,,,,,,
,,SpaceX CRS-3,,,,,,,,
,,SpaceX CRS-3,,,,,,,,
,,Orbcomm-OG2,,,,,,,,
,,Orbcomm-OG2,,,,,,,,
,,AsiaSat 8,,,,,,,,
,,AsiaSat 8,,,,,,,,
,,AsiaSat 6,,,,,,,,
,,AsiaSat 6,,,,,,,,
,,SpaceX CRS-4,,,,,,,,
,,SpaceX CRS-4,,,,,,,,
,,SpaceX CRS-5,,,,,,,,
,,SpaceX CRS-5,,,,,,,,
,,DSCOVR,,,,,,,,
,,DSCOVR,,,,,,,,
,,ABS-3A,,,,,,,,
,,ABS-3A,,,,,,,,
,,SpaceX CRS-6,,,,,,,,
,,SpaceX CRS-6,,,,,,,,
,,TürkmenÄlem 52°E / MonacoSAT,,,,,,,,
,,TürkmenÄlem 52°E / MonacoSAT,,,,,,,,
,,SpaceX CRS-7,,,,,,,,
,,SpaceX CRS-7,,,,,,,,
,,Orbcomm-OG2,,,,,,,,
,,Orbcomm-OG2,,,,,,,,
,,Jason-3,,,,,,,,
,,Jason-3,,,,,,,,
,,SES-9,,,,,,,,
,,SES-9,,,,,,,,
,,SpaceX CRS-8,,,,,,,,
,,SpaceX CRS-8,,,,,,,,
,,JCSAT-14,,,,,,,,
,,JCSAT-14,,,,,,,,
,,Thaicom 8,,,,,,,,
,,Thaicom 8,,,,,,,,
,,ABS-2A,,,,,,,,
,,ABS-2A,,,,,,,,
,,SpaceX CRS-9,,,,,,,,
,,SpaceX CRS-9,,,,,,,,
,,JCSAT-16,,,,,,,,
,,JCSAT-16,,,,,,,,
,,Iridium NEXT,,,,,,,,
,,Iridium NEXT,,,,,,,,
,,SpaceX CRS-10,,,,,,,,
,,SpaceX CRS-10,,,,,,,,
,,EchoStar 23,,,,,,,,
,,EchoStar 23,,,,,,,,
,,SES-10,,,,,,,,
,,SES-10,,,,,,,,
,,NROL-76,,,,,,,,
,,NROL-76,,,,,,,,
,,Inmarsat-5 F4,,,,,,,,
,,Inmarsat-5 F4,,,,,,,,
,,SpaceX CRS-11,,,,,,,,
,,SpaceX CRS-11,,,,,,,,
,,BulgariaSat-1,,,,,,,,
,,BulgariaSat-1,,,,,,,,
,,Iridium NEXT,,,,,,,,
,,Iridium NEXT,,,,,,,,
,,Intelsat 35e,,,,,,,,
,,Intelsat 35e,,,,,,,,
,,SpaceX CRS-12,,,,,,,,
,,SpaceX CRS-12,,,,,,,,
,,Formosat-5,,,,,,,,
,,Formosat-5,,,,,,,,
,,Boeing X-37B,,,,,,,,
,,Boeing X-37B,,,,,,,,
,,Iridium NEXT,,,,,,,,
,,Iridium NEXT,,,,,,,,
,,SES-11,,,,,,,,
,,SES-11,,,,,,,,
,,Koreasat 5A,,,,,,,,
,,Koreasat 5A,,,,,,,,
,,SpaceX CRS-13,,,,,,,,
,,SpaceX CRS-13,,,,,,,,
,,Iridium NEXT,,,,,,,,
,,Iridium NEXT,,,,,,,,
,,Zuma,,,,,,,,
,,Zuma,,,,,,,,
,,GovSat-1,,,,,,,,
,,GovSat-1,,,,,,,,
,,Paz,,,,,,,,
,,Paz,,,,,,,,
,,Hispasat 30W-6,,,,,,,,
,,Hispasat 30W-6,,,,,,,,
,,Iridium NEXT,,,,,,,,
,,Iridium NEXT,,,,,,,,
,,SpaceX CRS-14,,,,,,,,
,,SpaceX CRS-14,,,,,,,,
,,Transiting Exoplanet Survey Satellite,,,,,,,,
,,Transiting Exoplanet Survey Satellite,,,,,,,,
,,Bangabandhu-1,,,,,,,,
,,Bangabandhu-1,,,,,,,,
,,Iridium NEXT,,,,,,,,
,,Iridium NEXT,,,,,,,,
,,SES-12,,,,,,,,
,,SES-12,,,,,,,,
,,SpaceX CRS-15,,,,,,,,
,,SpaceX CRS-15,,,,,,,,
,,Telstar 19V,,,,,,,,
,,Telstar 19V,,,,,,,,
,,Iridium NEXT,,,,,,,,
,,Iridium NEXT,,,,,,,,
,,Merah Putih,,,,,,,,
,,Merah Putih,,,,,,,,
,,Telstar 18V,,,,,,,,
,,Telstar 18V,,,,,,,,
,,SAOCOM 1A,,,,,,,,
,,SAOCOM 1A,,,,,,,,
,,Es'hail 2,,,,,,,,
,,Es'hail 2,,,,,,,,
,,SSO-A,,,,,,,,
,,SSO-A,,,,,,,,
,,SpaceX CRS-16,,,,,,,,
,,SpaceX CRS-16,,,,,,,,
,,GPS III,,,,,,,,
,,GPS III,,,,,,,,
,,Iridium NEXT,,,,,,,,
,,Iridium NEXT,,,,,,,,
,,Nusantara Satu,,,,,,,,
,,Nusantara Satu,,,,,,,,
,,Crew Dragon Demo-1,,,,,,,,
,,Crew Dragon Demo-1,,,,,,,,
,,SpaceX CRS-17,,,,,,,,
,,SpaceX CRS-17,,,,,,,,
,,Starlink,,,,,,,,
,,Starlink,,,,,,,,
,,RADARSAT Constellation,,,,,,,,
,,RADARSAT Constellation,,,,,,,,
,,SpaceX CRS-18,,,,,,,,
,,SpaceX CRS-18,,,,,,,,
,,AMOS-17,,,,,,,,
,,AMOS-17,,,,,,,,
,,Starlink,,,,,,,,
,,Starlink,,,,,,,,
,,SpaceX CRS-19,,,,,,,,
,,SpaceX CRS-19,,,,,,,,
,,JCSat-18,,,,,,,,
,,JCSat-18,,,,,,,,
,,Starlink,,,,,,,,
,,Starlink,,,,,,,,
,,Crew Dragon in-flight abort test,,,,,,,,
,,Crew Dragon in-flight abort test,,,,,,,,
,,Starlink,,,,,,,,
,,Starlink,,,,,,,,
,,Starlink,,,,,,,,
,,Starlink,,,,,,,,
,,SpaceX CRS-20,,,,,,,,
,,SpaceX CRS-20,,,,,,,,
,,Starlink,,,,,,,,
,,Starlink,,,,,,,,
,,Starlink,,,,,,,,
,,Starlink,,,,,,,,
,,Crew Dragon Demo-2,,,,,,,,
,,Crew Dragon Demo-2,,,,,,,,
,,Starlink,,,,,,,,
,,Starlink,,,,,,,,
,,Starlink,,,,,,,,
,,Starlink,,,,,,,,
,,GPS III,,,,,,,,
,,GPS III,,,,,,,,
,,ANASIS-II,,,,,,,,
,,ANASIS-II,,,,,,,,
,,Starlink,,,,,,,,
,,Starlink,,,,,,,,
,,Starlink,,,,,,,,
,,Starlink,,,,,,,,
,,SAOCOM 1B,,,,,,,,
,,SAOCOM 1B,,,,,,,,
,,Starlink,,,,,,,,
,,Starlink,,,,,,,,
,,Starlink,,,,,,,,
,,Starlink,,,,,,,,
,,Starlink,,,,,,,,
,,Starlink,,,,,,,,
,,Starlink,,,,,,,,
,,Starlink,,,,,,,,
,,GPS III,,,,,,,,
,,GPS III,,,,,,,,
,,Crew-1,,,,,,,,
,,Crew-1,,,,,,,,
,,Sentinel-6 Michael Freilich (Jason-CS A),,,,,,,,
,,Sentinel-6 Michael Freilich (Jason-CS A),,,,,,,,
,,Starlink,,,,,,,,
,,Starlink,,,,,,,,
,,SpaceX CRS-21,,,,,,,,
,,SpaceX CRS-21,,,,,,,,
,,SXM-7,,,,,,,,
,,SXM-7,,,,,,,,
,,NROL-108,,,,,,,,
,,NROL-108,,,,,,,,
,,Türksat 5A,,,,,,,,
,,Türksat 5A,,,,,,,,
,,Starlink,,,,,,,,
,,Starlink,,,,,,,,
,,Transporter-1,,,,,,,,
,,Transporter-1,,,,,,,,
,,Starlink,,,,,,,,
,,Starlink,,,,,,,,
,,Starlink,,,,,,,,
,,Starlink,,,,,,,,
,,Starlink,,,,,,,,
,,Starlink,,,,,,,,
,,Starlink,,,,,,,,
,,Starlink,,,,,,,,
,,Starlink,,,,,,,,
,,Starlink,,,,,,,,
,,Starlink,,,,,,,,
,,Starlink,,,,,,,,
,,Starlink,,,,,,,,
,,Starlink,,,,,,,,
,,Crew-2,,,,,,,,
,,Crew-2,,,,,,,,
,,Starlink,,,,,,,,
,,Starlink,,,,,,,,
,,Starlink,,,,,,,,
,,Starlink,,,,,,,,
,,Starlink,,,,,,,,
,,Starlink,,,,,,,,
,,Starlink,,,,,,,,
,,Starlink,,,,,,,,
,,Starlink,,,,,,,,
,,Starlink,,,,,,,,
,,SpaceX CRS-22,,,,,,,,
,,SpaceX CRS-22,,,,,,,,
,,SXM-8,,,,,,,,
